name,description,latitude,longitude,image_url,significance
Arulmigu Dhandayuthapani Temple,"The Arulmigu Dhandayuthapani Temple in Palani is dedicated to Lord Murugan and is one of the six abodes of Lord Murugan in Tamil Nadu. Known for its scenic location on a hill, the temple has a rich history and offers a serene experience for pilgrims. It is a significant pilgrimage site in the region.",10.4642,77.5196,image1.jfif,"Arulmigu Dhandayuthapani Temple
- Speciality: The Arulmigu Dhandayuthapani Temple in Palani is dedicated to Lord Murugan and is one of the six abodes of Lord Murugan in Tamil Nadu.
- Darshan Timings: Typically from 6:00 AM to 12:00 PM and 4:00 PM to 8:30 PM (may vary).
- How to Reach: Located in Tamil Nadu. Nearest railway station and airport available based on region.
- Why Visit: Rich in cultural heritage, spiritual ambiance, and stunning architecture. Ideal for devotees and history enthusiasts."
Thillai Nataraja Temple,"Located in Chidambaram, the Thillai Nataraja Temple is dedicated to Lord Shiva, in his Nataraja form. Known for its exquisite architecture and historical significance, this temple is an important center of Tamil culture and one of the five Pancha Bhoota Sthalas, representing the element of 'Space.'",11.3967,79.6939,image2.jfif,"Thillai Nataraja Temple
- Speciality: Located in Chidambaram, the Thillai Nataraja Temple is dedicated to Lord Shiva, in his Nataraja form.
- Darshan Timings: Typically from 6:00 AM to 12:00 PM and 4:00 PM to 8:30 PM (may vary).
- How to Reach: Located in Tamil Nadu. Nearest railway station and airport available based on region.
- Why Visit: Rich in cultural heritage, spiritual ambiance, and stunning architecture. Ideal for devotees and history enthusiasts."
Kanchi Kamakshi Temple,"Situated in Kanchipuram, the Kamakshi Temple is dedicated to the goddess Kamakshi, a form of Parvati. The temple is famous for its serene atmosphere and architectural brilliance. This ancient temple, built during the Pallava dynasty, is an important religious and cultural landmark.",12.8333,79.7,image3.jfif,"Kanchi Kamakshi Temple
- Speciality: Situated in Kanchipuram, the Kamakshi Temple is dedicated to the goddess Kamakshi, a form of Parvati.
- Darshan Timings: Typically from 6:00 AM to 12:00 PM and 4:00 PM to 8:30 PM (may vary).
- How to Reach: Located in Tamil Nadu. Nearest railway station and airport available based on region.
- Why Visit: Rich in cultural heritage, spiritual ambiance, and stunning architecture. Ideal for devotees and history enthusiasts."
Airavatesvara Temple,"Located in Darasuram, the Airavatesvara Temple is a UNESCO World Heritage Site. Built by the Chola dynasty, it is dedicated to Lord Shiva. The temple is renowned for its fine architecture, carvings, and unique sculptural art, reflecting the grandeur of the Chola period.",10.9933,79.2931,image4.jfif,"Airavatesvara Temple
- Speciality: Located in Darasuram, the Airavatesvara Temple is a UNESCO World Heritage Site.
- Darshan Timings: Typically from 6:00 AM to 12:00 PM and 4:00 PM to 8:30 PM (may vary).
- How to Reach: Located in Tamil Nadu. Nearest railway station and airport available based on region.
- Why Visit: Rich in cultural heritage, spiritual ambiance, and stunning architecture. Ideal for devotees and history enthusiasts."
Ranganathaswamy Temple,"Situated in Srirangam, the Ranganathaswamy Temple is one of the largest functioning temple complexes in India. Dedicated to Lord Vishnu, the temple is a key pilgrimage site and is known for its 21 towering gopurams, ancient history, and spiritual importance.",10.8265,78.704,image5.jfif,"Ranganathaswamy Temple
- Speciality: Situated in Srirangam, the Ranganathaswamy Temple is one of the largest functioning temple complexes in India.
- Darshan Timings: Typically from 6:00 AM to 12:00 PM and 4:00 PM to 8:30 PM (may vary).
- How to Reach: Located in Tamil Nadu. Nearest railway station and airport available based on region.
- Why Visit: Rich in cultural heritage, spiritual ambiance, and stunning architecture. Ideal for devotees and history enthusiasts."
Jambukeswarar Temple,"Located in Thiruvanaikaval, near Trichy, the Jambukeswarar Temple is dedicated to Lord Shiva in the form of Jambukeswarar and is one of the five Pancha Bhoota Sthalas, representing the element of water. The temple is renowned for its beautiful architecture and serene atmosphere.",10.8212,78.7031,image6.jfif,"Jambukeswarar Temple
- Speciality: Located in Thiruvanaikaval, near Trichy, the Jambukeswarar Temple is dedicated to Lord Shiva in the form of Jambukeswarar and is one of the five Pancha Bhoota Sthalas, representing the element of water.
- Darshan Timings: Typically from 6:00 AM to 12:00 PM and 4:00 PM to 8:30 PM (may vary).
- How to Reach: Located in Tamil Nadu. Nearest railway station and airport available based on region.
- Why Visit: Rich in cultural heritage, spiritual ambiance, and stunning architecture. Ideal for devotees and history enthusiasts."
Chidambaram Nataraja Temple,"The Chidambaram Nataraja Temple in Chidambaram is dedicated to Lord Shiva in his Nataraja form. Known for its grand architecture and historical significance, the temple is one of the most important Shaivaite temples in India. The temple complex also features the famed golden hall.",11.396,79.6937,image7.jfif,"Chidambaram Nataraja Temple
- Speciality: The Chidambaram Nataraja Temple in Chidambaram is dedicated to Lord Shiva in his Nataraja form.
- Darshan Timings: Typically from 6:00 AM to 12:00 PM and 4:00 PM to 8:30 PM (may vary).
- How to Reach: Located in Tamil Nadu. Nearest railway station and airport available based on region.
- Why Visit: Rich in cultural heritage, spiritual ambiance, and stunning architecture. Ideal for devotees and history enthusiasts."
Meenakshi Amman Temple,"One of the most celebrated temples in Tamil Nadu, the Meenakshi Amman Temple in Madurai is dedicated to Goddess Meenakshi and Lord Sundareshwar. Known for its architectural grandeur and historical importance, this temple is one of the holiest places for Hindus.",9.9195,78.1197,image8.jfif,"Meenakshi Amman Temple
- Speciality: One of the most celebrated temples in Tamil Nadu, the Meenakshi Amman Temple in Madurai is dedicated to Goddess Meenakshi and Lord Sundareshwar.
- Darshan Timings: Typically from 6:00 AM to 12:00 PM and 4:00 PM to 8:30 PM (may vary).
- How to Reach: Located in Tamil Nadu. Nearest railway station and airport available based on region.
- Why Visit: Rich in cultural heritage, spiritual ambiance, and stunning architecture. Ideal for devotees and history enthusiasts."
Sripuram Golden Temple,"Located in Vellore, the Sripuram Golden Temple is a modern spiritual and architectural marvel. The temple is dedicated to Goddess Lakshmi and is covered in 1500 kilograms of gold, making it one of the most famous temples in the country.",12.9333,79.1,image9.jfif,"Sripuram Golden Temple
- Speciality: Located in Vellore, the Sripuram Golden Temple is a modern spiritual and architectural marvel.
- Darshan Timings: Typically from 6:00 AM to 12:00 PM and 4:00 PM to 8:30 PM (may vary).
- How to Reach: Located in Tamil Nadu. Nearest railway station and airport available based on region.
- Why Visit: Rich in cultural heritage, spiritual ambiance, and stunning architecture. Ideal for devotees and history enthusiasts."
Tiruvarur Thyagaraja Temple,"The Tiruvarur Thyagaraja Temple is located in Tiruvarur and is dedicated to Lord Thyagaraja, a form of Lord Shiva. It is a prominent temple in the Tamil Shaivaite tradition, famous for its temple festival and cultural importance, especially in the realm of classical music.",10.7941,79.299,image10.jfif,"Tiruvarur Thyagaraja Temple
- Speciality: The Tiruvarur Thyagaraja Temple is located in Tiruvarur and is dedicated to Lord Thyagaraja, a form of Lord Shiva.
- Darshan Timings: Typically from 6:00 AM to 12:00 PM and 4:00 PM to 8:30 PM (may vary).
- How to Reach: Located in Tamil Nadu. Nearest railway station and airport available based on region.
- Why Visit: Rich in cultural heritage, spiritual ambiance, and stunning architecture. Ideal for devotees and history enthusiasts."
Kailasanathar Temple,"The Kailasanathar Temple in Kanchipuram is one of the oldest temples in Tamil Nadu. It is dedicated to Lord Shiva and is known for its fine Pallava architecture. Built by the Pallava dynasty, this temple stands out for its simplicity and intricate stone carvings.",12.9333,79.7,image11.jfif,"Kailasanathar Temple
- Speciality: The Kailasanathar Temple in Kanchipuram is one of the oldest temples in Tamil Nadu.
- Darshan Timings: Typically from 6:00 AM to 12:00 PM and 4:00 PM to 8:30 PM (may vary).
- How to Reach: Located in Tamil Nadu. Nearest railway station and airport available based on region.
- Why Visit: Rich in cultural heritage, spiritual ambiance, and stunning architecture. Ideal for devotees and history enthusiasts."
Ramanathaswamy Temple,"Located in Rameswaram, the Ramanathaswamy Temple is an important Hindu pilgrimage site dedicated to Lord Shiva. This temple is famous for its massive corridors and intricately carved pillars. It is considered one of the Char Dham pilgrimage sites and is associated with the Ramayana.",9.2901,79.3115,image12.jfif,"Ramanathaswamy Temple
- Speciality: Located in Rameswaram, the Ramanathaswamy Temple is an important Hindu pilgrimage site dedicated to Lord Shiva.
- Darshan Timings: Typically from 6:00 AM to 12:00 PM and 4:00 PM to 8:30 PM (may vary).
- How to Reach: Located in Tamil Nadu. Nearest railway station and airport available based on region.
- Why Visit: Rich in cultural heritage, spiritual ambiance, and stunning architecture. Ideal for devotees and history enthusiasts."
Thiruvanaikaval Jambukeswarar Temple,"The Jambukeswarar Temple is located in Thiruvanaikaval, near Trichy, dedicated to Lord Shiva in the form of Jambukeswarar. The temple represents the element of water and is one of the five Pancha Bhoota Sthalas, known for its serene atmosphere and ancient architecture.",10.8212,78.7031,image13.jfif,"Thiruvanaikaval Jambukeswarar Temple
- Speciality: The Jambukeswarar Temple is located in Thiruvanaikaval, near Trichy, dedicated to Lord Shiva in the form of Jambukeswarar.
- Darshan Timings: Typically from 6:00 AM to 12:00 PM and 4:00 PM to 8:30 PM (may vary).
- How to Reach: Located in Tamil Nadu. Nearest railway station and airport available based on region.
- Why Visit: Rich in cultural heritage, spiritual ambiance, and stunning architecture. Ideal for devotees and history enthusiasts."
Sri Ranganathaswamy Temple,"Located in Srirangam, the Sri Ranganathaswamy Temple is one of the largest and most significant temples dedicated to Lord Vishnu. It features stunning Dravidian architecture with its towering gopurams and vast temple complex.",10.8265,78.704,image14.jfif,"Sri Ranganathaswamy Temple
- Speciality: Located in Srirangam, the Sri Ranganathaswamy Temple is one of the largest and most significant temples dedicated to Lord Vishnu.
- Darshan Timings: Typically from 6:00 AM to 12:00 PM and 4:00 PM to 8:30 PM (may vary).
- How to Reach: Located in Tamil Nadu. Nearest railway station and airport available based on region.
- Why Visit: Rich in cultural heritage, spiritual ambiance, and stunning architecture. Ideal for devotees and history enthusiasts."
Kundrakudi Murugan Temple,"The Kundrakudi Murugan Temple is located in the village of Kundrakudi near Karaikudi. Dedicated to Lord Murugan, the temple is perched on a hill and offers a panoramic view of the surrounding region. It is a significant pilgrimage site for devotees of Lord Murugan.",9.7464,78.6096,image15.jfif,"Kundrakudi Murugan Temple
- Speciality: The Kundrakudi Murugan Temple is located in the village of Kundrakudi near Karaikudi.
- Darshan Timings: Typically from 6:00 AM to 12:00 PM and 4:00 PM to 8:30 PM (may vary).
- How to Reach: Located in Tamil Nadu. Nearest railway station and airport available based on region.
- Why Visit: Rich in cultural heritage, spiritual ambiance, and stunning architecture. Ideal for devotees and history enthusiasts."
Varadaraja Perumal Temple,"The Varadaraja Perumal Temple in Kanchipuram is dedicated to Lord Vishnu. The temple features exquisite Dravidian architecture, with a beautiful sculpture of Lord Vishnu. It is one of the 108 divya desams, the sacred shrines of Vishnu.",12.8333,79.7,image16.jfif,"Varadaraja Perumal Temple
- Speciality: The Varadaraja Perumal Temple in Kanchipuram is dedicated to Lord Vishnu.
- Darshan Timings: Typically from 6:00 AM to 12:00 PM and 4:00 PM to 8:30 PM (may vary).
- How to Reach: Located in Tamil Nadu. Nearest railway station and airport available based on region.
- Why Visit: Rich in cultural heritage, spiritual ambiance, and stunning architecture. Ideal for devotees and history enthusiasts."
Sri Ekambareswarar Temple,"Located in Kanchipuram, the Ekambareswarar Temple is dedicated to Lord Shiva. The temple is known for its towering 59-meter-high gopuram and sprawling courtyards. It is one of the five Pancha Bhoota Sthalas, representing the element of earth.",12.8333,79.7,image17.jfif,"Sri Ekambareswarar Temple
- Speciality: Located in Kanchipuram, the Ekambareswarar Temple is dedicated to Lord Shiva.
- Darshan Timings: Typically from 6:00 AM to 12:00 PM and 4:00 PM to 8:30 PM (may vary).
- How to Reach: Located in Tamil Nadu. Nearest railway station and airport available based on region.
- Why Visit: Rich in cultural heritage, spiritual ambiance, and stunning architecture. Ideal for devotees and history enthusiasts."
Vadapalani Andavar Temple,"Situated in Chennai, the Vadapalani Andavar Temple is dedicated to Lord Murugan. The temple is a significant place of worship and is known for its peaceful atmosphere and beautiful architecture. It attracts devotees from all over Tamil Nadu.",13.054,80.2205,image18.jfif,"Vadapalani Andavar Temple
- Speciality: Situated in Chennai, the Vadapalani Andavar Temple is dedicated to Lord Murugan.
- Darshan Timings: Typically from 6:00 AM to 12:00 PM and 4:00 PM to 8:30 PM (may vary).
- How to Reach: Located in Tamil Nadu. Nearest railway station and airport available based on region.
- Why Visit: Rich in cultural heritage, spiritual ambiance, and stunning architecture. Ideal for devotees and history enthusiasts."
Annamalaiyar Temple,"The Annamalaiyar Temple is located in Thiruvannamalai and is dedicated to Lord Shiva. The temple is famous for its towering gopuram, large courtyard, and the sacred mountain Annamalai, which is considered one of the holiest peaks in Tamil Nadu.",12.2261,79.0748,image19.jfif,"Annamalaiyar Temple
- Speciality: The Annamalaiyar Temple is located in Thiruvannamalai and is dedicated to Lord Shiva.
- Darshan Timings: Typically from 6:00 AM to 12:00 PM and 4:00 PM to 8:30 PM (may vary).
- How to Reach: Located in Tamil Nadu. Nearest railway station and airport available based on region.
- Why Visit: Rich in cultural heritage, spiritual ambiance, and stunning architecture. Ideal for devotees and history enthusiasts."
Murugan Temple,"The Murugan Temple in Tiruchendur is dedicated to Lord Murugan, one of the most revered deities in South India. Located by the sea, the temple is known for its beautiful coastal setting, vibrant festivals, and historical significance.",8.4897,78.1335,image20.jfif,"Murugan Temple
- Speciality: The Murugan Temple in Tiruchendur is dedicated to Lord Murugan, one of the most revered deities in South India.
- Darshan Timings: Typically from 6:00 AM to 12:00 PM and 4:00 PM to 8:30 PM (may vary).
- How to Reach: Located in Tamil Nadu. Nearest railway station and airport available based on region.
- Why Visit: Rich in cultural heritage, spiritual ambiance, and stunning architecture. Ideal for devotees and history enthusiasts."
Vaitheeswaran Koil Temple,"The Vaitheeswaran Koil Temple, located in Tamil Nadu, is dedicated to Lord Shiva and is also known as the temple of healing. It is believed to have been a site where healing and medicinal treatments were performed by the grace of the deity.",11.126,79.6246,image21.jfif,"Vaitheeswaran Koil Temple
- Speciality: The Vaitheeswaran Koil Temple, located in Tamil Nadu, is dedicated to Lord Shiva and is also known as the temple of healing.
- Darshan Timings: Typically from 6:00 AM to 12:00 PM and 4:00 PM to 8:30 PM (may vary).
- How to Reach: Located in Tamil Nadu. Nearest railway station and airport available based on region.
- Why Visit: Rich in cultural heritage, spiritual ambiance, and stunning architecture. Ideal for devotees and history enthusiasts."
Venkateswara Temple,"The Venkateswara Temple, located in Tirumala, is one of the most significant pilgrimage sites in India. Dedicated to Lord Venkateswara, an incarnation of Lord Vishnu, the temple attracts millions of visitors annually and is an architectural marvel.",13.6288,79.3942,image22.jfif,"Venkateswara Temple
- Speciality: The Venkateswara Temple, located in Tirumala, is one of the most significant pilgrimage sites in India.
- Darshan Timings: Typically from 6:00 AM to 12:00 PM and 4:00 PM to 8:30 PM (may vary).
- How to Reach: Located in Tamil Nadu. Nearest railway station and airport available based on region.
- Why Visit: Rich in cultural heritage, spiritual ambiance, and stunning architecture. Ideal for devotees and history enthusiasts."
Sri Kanchi Kamakshi Temple,"The Kamakshi Temple in Kanchipuram is dedicated to Goddess Kamakshi, an incarnation of Parvati. The temple is an important pilgrimage site and is renowned for its classical Dravidian architecture.",12.8333,79.7,image23.jfif,"Sri Kanchi Kamakshi Temple
- Speciality: The Kamakshi Temple in Kanchipuram is dedicated to Goddess Kamakshi, an incarnation of Parvati.
- Darshan Timings: Typically from 6:00 AM to 12:00 PM and 4:00 PM to 8:30 PM (may vary).
- How to Reach: Located in Tamil Nadu. Nearest railway station and airport available based on region.
- Why Visit: Rich in cultural heritage, spiritual ambiance, and stunning architecture. Ideal for devotees and history enthusiasts."
Brihadeeswarar Temple,"The Brihadeeswarar Temple in Thanjavur is a UNESCO World Heritage Site and one of the largest temples in India. Built by the Chola Emperor Rajaraja Chola I, the temple is known for its grand structure, sculptures, and intricate carvings.",10.7845,79.1327,image24.jfif,"Brihadeeswarar Temple
- Speciality: The Brihadeeswarar Temple in Thanjavur is a UNESCO World Heritage Site and one of the largest temples in India.
- Darshan Timings: Typically from 6:00 AM to 12:00 PM and 4:00 PM to 8:30 PM (may vary).
- How to Reach: Located in Tamil Nadu. Nearest railway station and airport available based on region.
- Why Visit: Rich in cultural heritage, spiritual ambiance, and stunning architecture. Ideal for devotees and history enthusiasts."
Kumaranallur Murugan Temple,"Located in Kumaranallur, the Murugan Temple is dedicated to Lord Murugan. It is known for its annual festivals and the serene ambiance that attracts pilgrims throughout the year.",9.5721,76.993,image25.jfif,"Kumaranallur Murugan Temple
- Speciality: Located in Kumaranallur, the Murugan Temple is dedicated to Lord Murugan.
- Darshan Timings: Typically from 6:00 AM to 12:00 PM and 4:00 PM to 8:30 PM (may vary).
- How to Reach: Located in Tamil Nadu. Nearest railway station and airport available based on region.
- Why Visit: Rich in cultural heritage, spiritual ambiance, and stunning architecture. Ideal for devotees and history enthusiasts."
Sri Mahalingeshwarar Temple,"The Sri Mahalingeshwarar Temple in Tiruvarur is dedicated to Lord Shiva. It is famous for its massive temple tank and architectural beauty. The temple is an important pilgrimage site in Tamil Nadu, attracting devotees who seek blessings from Lord Shiva.",10.7941,79.299,image26.jfif,"Sri Mahalingeshwarar Temple
- Speciality: The Sri Mahalingeshwarar Temple in Tiruvarur is dedicated to Lord Shiva.
- Darshan Timings: Typically from 6:00 AM to 12:00 PM and 4:00 PM to 8:30 PM (may vary).
- How to Reach: Located in Tamil Nadu. Nearest railway station and airport available based on region.
- Why Visit: Rich in cultural heritage, spiritual ambiance, and stunning architecture. Ideal for devotees and history enthusiasts."
Sri Adi Kesava Perumal Temple,"The Sri Adi Kesava Perumal Temple in Kanchipuram is one of the 108 divya desams, sacred temples dedicated to Lord Vishnu. The temple is known for its beautiful architecture and tranquil atmosphere.",12.8333,79.7,image27.jfif,"Sri Adi Kesava Perumal Temple
- Speciality: The Sri Adi Kesava Perumal Temple in Kanchipuram is one of the 108 divya desams, sacred temples dedicated to Lord Vishnu.
- Darshan Timings: Typically from 6:00 AM to 12:00 PM and 4:00 PM to 8:30 PM (may vary).
- How to Reach: Located in Tamil Nadu. Nearest railway station and airport available based on region.
- Why Visit: Rich in cultural heritage, spiritual ambiance, and stunning architecture. Ideal for devotees and history enthusiasts."
Tiruchendur Murugan Temple,The Tiruchendur Murugan Temple is a popular Hindu temple located in the town of Tiruchendur. It is dedicated to Lord Murugan and is one of the six abodes of Lord Murugan. The temple is located on the shores of the Bay of Bengal.,8.4897,78.1335,image28.jfif,"Tiruchendur Murugan Temple
- Speciality: The Tiruchendur Murugan Temple is a popular Hindu temple located in the town of Tiruchendur.
- Darshan Timings: Typically from 6:00 AM to 12:00 PM and 4:00 PM to 8:30 PM (may vary).
- How to Reach: Located in Tamil Nadu. Nearest railway station and airport available based on region.
- Why Visit: Rich in cultural heritage, spiritual ambiance, and stunning architecture. Ideal for devotees and history enthusiasts."
Thiruvannamalai Arunachaleswarar Temple,The Arunachaleswarar Temple in Thiruvannamalai is dedicated to Lord Shiva and is one of the most revered pilgrimage sites in Tamil Nadu. It is associated with the element fire and is one of the Pancha Bhoota Sthalas.,12.2261,79.0748,image29.jfif,"Thiruvannamalai Arunachaleswarar Temple
- Speciality: The Arunachaleswarar Temple in Thiruvannamalai is dedicated to Lord Shiva and is one of the most revered pilgrimage sites in Tamil Nadu.
- Darshan Timings: Typically from 6:00 AM to 12:00 PM and 4:00 PM to 8:30 PM (may vary).
- How to Reach: Located in Tamil Nadu. Nearest railway station and airport available based on region.
- Why Visit: Rich in cultural heritage, spiritual ambiance, and stunning architecture. Ideal for devotees and history enthusiasts."
Sri Venkateswara Temple,"Located in Tirumala, the Sri Venkateswara Temple is dedicated to Lord Venkateswara, an incarnation of Lord Vishnu. It is one of the richest temples in the world and attracts millions of pilgrims each year.",13.6288,79.3942,image30.jfif,"Sri Venkateswara Temple
- Speciality: Located in Tirumala, the Sri Venkateswara Temple is dedicated to Lord Venkateswara, an incarnation of Lord Vishnu.
- Darshan Timings: Typically from 6:00 AM to 12:00 PM and 4:00 PM to 8:30 PM (may vary).
- How to Reach: Located in Tamil Nadu. Nearest railway station and airport available based on region.
- Why Visit: Rich in cultural heritage, spiritual ambiance, and stunning architecture. Ideal for devotees and history enthusiasts."
Sri Kamakshi Amman Temple,"The Sri Kamakshi Amman Temple, located in Kanchipuram, is dedicated to Goddess Kamakshi, a form of Parvati. The temple is a significant pilgrimage site and is renowned for its classical Dravidian architecture.",12.8333,79.7,image31.jfif,"Sri Kamakshi Amman Temple
- Speciality: The Sri Kamakshi Amman Temple, located in Kanchipuram, is dedicated to Goddess Kamakshi, a form of Parvati.
- Darshan Timings: Typically from 6:00 AM to 12:00 PM and 4:00 PM to 8:30 PM (may vary).
- How to Reach: Located in Tamil Nadu. Nearest railway station and airport available based on region.
- Why Visit: Rich in cultural heritage, spiritual ambiance, and stunning architecture. Ideal for devotees and history enthusiasts."
Kapaleeshwarar Temple,"The Kapaleeshwarar Temple is situated in Mylapore, Chennai, and is dedicated to Lord Shiva. The temple is a fine example of Dravidian architecture, featuring beautiful sculptures and intricate carvings. It holds significant cultural and religious importance.",13.0376,80.2602,image32.jfif,"Kapaleeshwarar Temple
- Speciality: The Kapaleeshwarar Temple is situated in Mylapore, Chennai, and is dedicated to Lord Shiva.
- Darshan Timings: Typically from 6:00 AM to 12:00 PM and 4:00 PM to 8:30 PM (may vary).
- How to Reach: Located in Tamil Nadu. Nearest railway station and airport available based on region.
- Why Visit: Rich in cultural heritage, spiritual ambiance, and stunning architecture. Ideal for devotees and history enthusiasts."
Shore Temple,"The Shore Temple is located in Mahabalipuram, a UNESCO World Heritage Site. It was built by the Pallava dynasty in the 8th century CE and is unique because of its location along the coastline of the Bay of Bengal. The temple is dedicated to Lord Shiva and features stunning architectural designs.",12.6243,80.2134,image33.jfif,"Shore Temple
- Speciality: The Shore Temple is located in Mahabalipuram, a UNESCO World Heritage Site.
- Darshan Timings: Typically from 6:00 AM to 12:00 PM and 4:00 PM to 8:30 PM (may vary).
- How to Reach: Located in Tamil Nadu. Nearest railway station and airport available based on region.
- Why Visit: Rich in cultural heritage, spiritual ambiance, and stunning architecture. Ideal for devotees and history enthusiasts."
Sri Parthasarathy Temple,"The Sri Parthasarathy Temple in Chennai is dedicated to Lord Krishna. Known for its exquisite architecture and historical significance, the temple is one of the 108 divya desams and holds a special place in the Vaishnavite tradition.",13.0875,80.2785,image34.jfif,"Sri Parthasarathy Temple
- Speciality: The Sri Parthasarathy Temple in Chennai is dedicated to Lord Krishna.
- Darshan Timings: Typically from 6:00 AM to 12:00 PM and 4:00 PM to 8:30 PM (may vary).
- How to Reach: Located in Tamil Nadu. Nearest railway station and airport available based on region.
- Why Visit: Rich in cultural heritage, spiritual ambiance, and stunning architecture. Ideal for devotees and history enthusiasts."
Vaitheeswaran Koil,"Vaitheeswaran Koil is an ancient temple dedicated to Lord Shiva, located in Tamil Nadu. It is known as the 'temple of healing' and is famous for its medicinal herbs and practices associated with the deity.",11.126,79.6246,image35.jfif,"Vaitheeswaran Koil
- Speciality: Vaitheeswaran Koil is an ancient temple dedicated to Lord Shiva, located in Tamil Nadu.
- Darshan Timings: Typically from 6:00 AM to 12:00 PM and 4:00 PM to 8:30 PM (may vary).
- How to Reach: Located in Tamil Nadu. Nearest railway station and airport available based on region.
- Why Visit: Rich in cultural heritage, spiritual ambiance, and stunning architecture. Ideal for devotees and history enthusiasts."
Srikalahasti Temple,"The Srikalahasti Temple in Andhra Pradesh, near the Tamil Nadu border, is dedicated to Lord Shiva. It is famous for its unique Vayu Linga and is a significant pilgrimage destination for devotees of Lord Shiva.",13.7871,79.6922,image36.jfif,"Srikalahasti Temple
- Speciality: The Srikalahasti Temple in Andhra Pradesh, near the Tamil Nadu border, is dedicated to Lord Shiva.
- Darshan Timings: Typically from 6:00 AM to 12:00 PM and 4:00 PM to 8:30 PM (may vary).
- How to Reach: Located in Tamil Nadu. Nearest railway station and airport available based on region.
- Why Visit: Rich in cultural heritage, spiritual ambiance, and stunning architecture. Ideal for devotees and history enthusiasts."
Fort St. George,"Fort St. George in Chennai is one of the most important historical landmarks in India. Built in 1644 by the British East India Company, it served as the foundation of British rule in India. The fort houses a museum and a church, and it offers a panoramic view of the city.",13.0878,80.2785,image37.jfif,"Fort St. George
- Speciality: Fort St.
- Darshan Timings: Typically from 6:00 AM to 12:00 PM and 4:00 PM to 8:30 PM (may vary).
- How to Reach: Located in Tamil Nadu. Nearest railway station and airport available based on region.
- Why Visit: Rich in cultural heritage, spiritual ambiance, and stunning architecture. Ideal for devotees and history enthusiasts."
Mysore Palace,"Although located in Karnataka, the Mysore Palace is a stunning historical palace that blends Hindu, Muslim, Rajput, and Gothic architecture. The palace is one of India's most visited monuments.",12.3051,76.6552,image38.jfif,"Mysore Palace
- Speciality: Although located in Karnataka, the Mysore Palace is a stunning historical palace that blends Hindu, Muslim, Rajput, and Gothic architecture.
- Darshan Timings: Typically from 6:00 AM to 12:00 PM and 4:00 PM to 8:30 PM (may vary).
- How to Reach: Located in Tamil Nadu. Nearest railway station and airport available based on region.
- Why Visit: Rich in cultural heritage, spiritual ambiance, and stunning architecture. Ideal for devotees and history enthusiasts."
Mecca Masjid,"The Mecca Masjid in Chennai is one of the oldest and most prominent mosques in the city. Built in the 17th century, it is an example of Mughal architecture and holds religious importance for the Muslim community.",13.0628,80.2785,image39.jfif,"Mecca Masjid
- Speciality: The Mecca Masjid in Chennai is one of the oldest and most prominent mosques in the city.
- Darshan Timings: Typically from 6:00 AM to 12:00 PM and 4:00 PM to 8:30 PM (may vary).
- How to Reach: Located in Tamil Nadu. Nearest railway station and airport available based on region.
- Why Visit: Rich in cultural heritage, spiritual ambiance, and stunning architecture. Ideal for devotees and history enthusiasts."
San Thome Basilica,"San Thome Basilica in Chennai is one of the three basilicas in the world built over the tomb of an apostle of Jesus Christ, St. Thomas. It features stunning neo-gothic architecture and is a significant Christian pilgrimage site.",13.066,80.2807,image40.jfif,"San Thome Basilica
- Speciality: San Thome Basilica in Chennai is one of the three basilicas in the world built over the tomb of an apostle of Jesus Christ, St.
- Darshan Timings: Typically from 6:00 AM to 12:00 PM and 4:00 PM to 8:30 PM (may vary).
- How to Reach: Located in Tamil Nadu. Nearest railway station and airport available based on region.
- Why Visit: Rich in cultural heritage, spiritual ambiance, and stunning architecture. Ideal for devotees and history enthusiasts."
Vijay Vilas Palace,The Vijay Vilas Palace in Dhanushkodi is a beautiful royal palace that blends traditional and modern architecture. It is surrounded by lush gardens and is a historical site that attracts visitors for its beauty and historical significance.,9.2525,79.3123,image41.jfif,"Vijay Vilas Palace
- Speciality: The Vijay Vilas Palace in Dhanushkodi is a beautiful royal palace that blends traditional and modern architecture.
- Darshan Timings: Typically from 6:00 AM to 12:00 PM and 4:00 PM to 8:30 PM (may vary).
- How to Reach: Located in Tamil Nadu. Nearest railway station and airport available based on region.
- Why Visit: Rich in cultural heritage, spiritual ambiance, and stunning architecture. Ideal for devotees and history enthusiasts."
The Government Museum,"Located in Chennai, the Government Museum is one of the oldest museums in India. It houses an impressive collection of archaeological artifacts, ancient sculptures, and paintings, reflecting Tamil Nadu's rich cultural heritage.",13.0877,80.2785,image42.jfif,"The Government Museum
- Speciality: Located in Chennai, the Government Museum is one of the oldest museums in India.
- Darshan Timings: Typically from 6:00 AM to 12:00 PM and 4:00 PM to 8:30 PM (may vary).
- How to Reach: Located in Tamil Nadu. Nearest railway station and airport available based on region.
- Why Visit: Rich in cultural heritage, spiritual ambiance, and stunning architecture. Ideal for devotees and history enthusiasts."
Rajas Seat,Raja's Seat in Coorg is a scenic garden and viewpoint offering a stunning view of the surrounding hills. It was the favorite resting place of the Kodagu kings. The site is surrounded by beautiful gardens and features a small temple.,12.3052,79.678,image43.jfif,"Rajas Seat
- Speciality: Raja's Seat in Coorg is a scenic garden and viewpoint offering a stunning view of the surrounding hills.
- Darshan Timings: Typically from 6:00 AM to 12:00 PM and 4:00 PM to 8:30 PM (may vary).
- How to Reach: Located in Tamil Nadu. Nearest railway station and airport available based on region.
- Why Visit: Rich in cultural heritage, spiritual ambiance, and stunning architecture. Ideal for devotees and history enthusiasts."
Nehru Park,"Nehru Park in Chennai is a well-maintained public park featuring a variety of plant species, open spaces, and sculptures. The park is a relaxing spot for visitors and hosts occasional cultural events.",13.0827,80.2791,image44.jfif,"Nehru Park
- Speciality: Nehru Park in Chennai is a well-maintained public park featuring a variety of plant species, open spaces, and sculptures.
- Darshan Timings: Typically from 6:00 AM to 12:00 PM and 4:00 PM to 8:30 PM (may vary).
- How to Reach: Located in Tamil Nadu. Nearest railway station and airport available based on region.
- Why Visit: Rich in cultural heritage, spiritual ambiance, and stunning architecture. Ideal for devotees and history enthusiasts."
Red Fort,"The Red Fort, located in Delhi, is a UNESCO World Heritage Site. It is one of the most famous examples of Mughal architecture, featuring a series of impressive gates, halls, and walls. It holds significant historical importance as a symbol of India's freedom struggle.",28.6562,77.241,image45.jfif,"Red Fort
- Speciality: The Red Fort, located in Delhi, is a UNESCO World Heritage Site.
- Darshan Timings: Typically from 6:00 AM to 12:00 PM and 4:00 PM to 8:30 PM (may vary).
- How to Reach: Located in Tamil Nadu. Nearest railway station and airport available based on region.
- Why Visit: Rich in cultural heritage, spiritual ambiance, and stunning architecture. Ideal for devotees and history enthusiasts."
Kanchipuram Museum,"The Kanchipuram Museum is dedicated to preserving and showcasing the rich history and culture of Kanchipuram. It houses artifacts related to textiles, temples, and the regions heritage, providing insight into Tamil Nadu's past.",12.8333,79.7,image46.jfif,"Kanchipuram Museum
- Speciality: The Kanchipuram Museum is dedicated to preserving and showcasing the rich history and culture of Kanchipuram.
- Darshan Timings: Typically from 6:00 AM to 12:00 PM and 4:00 PM to 8:30 PM (may vary).
- How to Reach: Located in Tamil Nadu. Nearest railway station and airport available based on region.
- Why Visit: Rich in cultural heritage, spiritual ambiance, and stunning architecture. Ideal for devotees and history enthusiasts."
Alagar Koyil,"Alagar Koyil, located in Madurai, is an ancient temple dedicated to Lord Vishnu. It features stunning Dravidian architecture and is situated on a hill, providing a scenic view of the surrounding region.",9.9575,78.3652,image47.jfif,"Alagar Koyil
- Speciality: Alagar Koyil, located in Madurai, is an ancient temple dedicated to Lord Vishnu.
- Darshan Timings: Typically from 6:00 AM to 12:00 PM and 4:00 PM to 8:30 PM (may vary).
- How to Reach: Located in Tamil Nadu. Nearest railway station and airport available based on region.
- Why Visit: Rich in cultural heritage, spiritual ambiance, and stunning architecture. Ideal for devotees and history enthusiasts."
St. Thomas Mount,"St. Thomas Mount in Chennai is the site where St. Thomas, one of the apostles of Jesus Christ, is believed to have been martyred. The site features a church, a shrine, and a beautiful panoramic view of the city.",13.0044,80.2167,image48.jfif,"St. Thomas Mount
- Speciality: St.
- Darshan Timings: Typically from 6:00 AM to 12:00 PM and 4:00 PM to 8:30 PM (may vary).
- How to Reach: Located in Tamil Nadu. Nearest railway station and airport available based on region.
- Why Visit: Rich in cultural heritage, spiritual ambiance, and stunning architecture. Ideal for devotees and history enthusiasts."
The Victory Memorial,The Victory Memorial in Chennai is a historical monument commemorating the British victory over the French in the 18th century. The memorial is located near the Marina Beach and features an impressive obelisk structure.,13.0716,80.2901,image49.jfif,"The Victory Memorial
- Speciality: The Victory Memorial in Chennai is a historical monument commemorating the British victory over the French in the 18th century.
- Darshan Timings: Typically from 6:00 AM to 12:00 PM and 4:00 PM to 8:30 PM (may vary).
- How to Reach: Located in Tamil Nadu. Nearest railway station and airport available based on region.
- Why Visit: Rich in cultural heritage, spiritual ambiance, and stunning architecture. Ideal for devotees and history enthusiasts."
Chennai Central Mosque,"The Chennai Central Mosque, located near the central railway station, is one of the city's oldest and most important mosques. The mosque features traditional Islamic architecture and serves as a hub for the city's Muslim community.",13.0878,80.2784,image50.jfif,"Chennai Central Mosque
- Speciality: The Chennai Central Mosque, located near the central railway station, is one of the city's oldest and most important mosques.
- Darshan Timings: Typically from 6:00 AM to 12:00 PM and 4:00 PM to 8:30 PM (may vary).
- How to Reach: Located in Tamil Nadu. Nearest railway station and airport available based on region.
- Why Visit: Rich in cultural heritage, spiritual ambiance, and stunning architecture. Ideal for devotees and history enthusiasts."
The Valluvar Kottam,"The Valluvar Kottam in Chennai is a monument dedicated to the Tamil poet and philosopher, Thiruvalluvar. It features a large statue of the poet and stands as a tribute to Tamil literature and culture.",13.0515,80.2215,image51.jfif,"The Valluvar Kottam
- Speciality: The Valluvar Kottam in Chennai is a monument dedicated to the Tamil poet and philosopher, Thiruvalluvar.
- Darshan Timings: Typically from 6:00 AM to 12:00 PM and 4:00 PM to 8:30 PM (may vary).
- How to Reach: Located in Tamil Nadu. Nearest railway station and airport available based on region.
- Why Visit: Rich in cultural heritage, spiritual ambiance, and stunning architecture. Ideal for devotees and history enthusiasts."
Fort Vanagiri,"Fort Vanagiri, located near Nagapattinam, was built by the Dutch in the 17th century. It offers a glimpse into the region's colonial past and is surrounded by scenic beauty and remnants of the Dutch colonial period.",10.7629,79.8342,image52.jfif,"Fort Vanagiri
- Speciality: Fort Vanagiri, located near Nagapattinam, was built by the Dutch in the 17th century.
- Darshan Timings: Typically from 6:00 AM to 12:00 PM and 4:00 PM to 8:30 PM (may vary).
- How to Reach: Located in Tamil Nadu. Nearest railway station and airport available based on region.
- Why Visit: Rich in cultural heritage, spiritual ambiance, and stunning architecture. Ideal for devotees and history enthusiasts."
Basilica of Our Lady of Good Health,"The Basilica of Our Lady of Good Health in Velankanni is a famous Roman Catholic pilgrimage church located near the Bay of Bengal. It is one of the most visited pilgrimage sites in India, attracting thousands of devotees.",10.9272,79.8063,image53.jfif,"Basilica of Our Lady of Good Health
- Speciality: The Basilica of Our Lady of Good Health in Velankanni is a famous Roman Catholic pilgrimage church located near the Bay of Bengal.
- Darshan Timings: Typically from 6:00 AM to 12:00 PM and 4:00 PM to 8:30 PM (may vary).
- How to Reach: Located in Tamil Nadu. Nearest railway station and airport available based on region.
- Why Visit: Rich in cultural heritage, spiritual ambiance, and stunning architecture. Ideal for devotees and history enthusiasts."
The Dutch Fort,"The Dutch Fort, located in the town of Tharangambadi, is a historical monument built by the Dutch East India Company in the 17th century. The fort overlooks the Bay of Bengal and stands as a symbol of the region's colonial history.",11.0586,79.8685,image54.jfif,"The Dutch Fort
- Speciality: The Dutch Fort, located in the town of Tharangambadi, is a historical monument built by the Dutch East India Company in the 17th century.
- Darshan Timings: Typically from 6:00 AM to 12:00 PM and 4:00 PM to 8:30 PM (may vary).
- How to Reach: Located in Tamil Nadu. Nearest railway station and airport available based on region.
- Why Visit: Rich in cultural heritage, spiritual ambiance, and stunning architecture. Ideal for devotees and history enthusiasts."
Kottaiyur Village Temple,The Kottaiyur Village Temple is a small but historically significant temple in Tamil Nadu. It features beautiful carvings and has an intriguing connection to local traditions and rituals.,10.7035,79.0564,image55.jfif,"Kottaiyur Village Temple
- Speciality: The Kottaiyur Village Temple is a small but historically significant temple in Tamil Nadu.
- Darshan Timings: Typically from 6:00 AM to 12:00 PM and 4:00 PM to 8:30 PM (may vary).
- How to Reach: Located in Tamil Nadu. Nearest railway station and airport available based on region.
- Why Visit: Rich in cultural heritage, spiritual ambiance, and stunning architecture. Ideal for devotees and history enthusiasts."
St. Mary's Church,"St. Mary's Church in Chennai is one of the oldest churches in the city. Built in the 17th century, the church is a stunning example of colonial-era architecture, featuring stained glass windows and a peaceful ambiance.",13.0461,80.274,image56.jfif,"St. Mary's Church
- Speciality: St.
- Darshan Timings: Typically from 6:00 AM to 12:00 PM and 4:00 PM to 8:30 PM (may vary).
- How to Reach: Located in Tamil Nadu. Nearest railway station and airport available based on region.
- Why Visit: Rich in cultural heritage, spiritual ambiance, and stunning architecture. Ideal for devotees and history enthusiasts."
The Raja Rajeshwari Temple,"The Raja Rajeshwari Temple in Tamil Nadu is dedicated to Goddess Rajeshwari, a form of Durga. The temple is known for its beautiful surroundings, scenic views, and the spiritual tranquility it offers to visitors.",10.7983,79.3124,image57.jfif,"The Raja Rajeshwari Temple
- Speciality: The Raja Rajeshwari Temple in Tamil Nadu is dedicated to Goddess Rajeshwari, a form of Durga.
- Darshan Timings: Typically from 6:00 AM to 12:00 PM and 4:00 PM to 8:30 PM (may vary).
- How to Reach: Located in Tamil Nadu. Nearest railway station and airport available based on region.
- Why Visit: Rich in cultural heritage, spiritual ambiance, and stunning architecture. Ideal for devotees and history enthusiasts."
The Clock Tower,"The Clock Tower, located in the heart of the city of Chennai, is a historical structure built during the colonial era. It stands as a reminder of the citys past and serves as an iconic landmark in the region.",13.0878,80.2794,image58.jfif,"The Clock Tower
- Speciality: The Clock Tower, located in the heart of the city of Chennai, is a historical structure built during the colonial era.
- Darshan Timings: Typically from 6:00 AM to 12:00 PM and 4:00 PM to 8:30 PM (may vary).
- How to Reach: Located in Tamil Nadu. Nearest railway station and airport available based on region.
- Why Visit: Rich in cultural heritage, spiritual ambiance, and stunning architecture. Ideal for devotees and history enthusiasts."
The Thiruvalluvar Statue,"Located at Kanyakumari, the Thiruvalluvar Statue is a 133-foot-high statue of the Tamil poet and philosopher Thiruvalluvar. It stands on an island off the coast of Kanyakumari and is a symbol of Tamil culture and literature.",8.0903,77.5195,image59.jfif,"The Thiruvalluvar Statue
- Speciality: Located at Kanyakumari, the Thiruvalluvar Statue is a 133-foot-high statue of the Tamil poet and philosopher Thiruvalluvar.
- Darshan Timings: Typically from 6:00 AM to 12:00 PM and 4:00 PM to 8:30 PM (may vary).
- How to Reach: Located in Tamil Nadu. Nearest railway station and airport available based on region.
- Why Visit: Rich in cultural heritage, spiritual ambiance, and stunning architecture. Ideal for devotees and history enthusiasts."
St. John's Church,"St. John's Church, located in Chennai, is one of the oldest churches in the region. The church features colonial-era architecture and is a key historical landmark in the city, attracting visitors for its historical and religious significance.",13.0901,80.2815,image60.jfif,"St. John's Church
- Speciality: St.
- Darshan Timings: Typically from 6:00 AM to 12:00 PM and 4:00 PM to 8:30 PM (may vary).
- How to Reach: Located in Tamil Nadu. Nearest railway station and airport available based on region.
- Why Visit: Rich in cultural heritage, spiritual ambiance, and stunning architecture. Ideal for devotees and history enthusiasts."
Nedungadi Fort,The Nedungadi Fort in the town of Karur is a historic structure that dates back to the Vijayanagar Empire. The fort is located in a scenic area and offers a glimpse into Tamil Nadus ancient military architecture.,10.9621,78.0859,image61.jfif,"Nedungadi Fort
- Speciality: The Nedungadi Fort in the town of Karur is a historic structure that dates back to the Vijayanagar Empire.
- Darshan Timings: Typically from 6:00 AM to 12:00 PM and 4:00 PM to 8:30 PM (may vary).
- How to Reach: Located in Tamil Nadu. Nearest railway station and airport available based on region.
- Why Visit: Rich in cultural heritage, spiritual ambiance, and stunning architecture. Ideal for devotees and history enthusiasts."
Fort Azhagiyapandipuram,"Fort Azhagiyapandipuram is a historic fort located in the Southern part of Tamil Nadu. Built by the Nayak rulers, the fort played a significant role during the medieval period in defending against invasions. Today, it stands as a symbol of the region's rich military history.",9.6252,77.3285,image62.jfif,"Fort Azhagiyapandipuram
- Speciality: Fort Azhagiyapandipuram is a historic fort located in the Southern part of Tamil Nadu.
- Darshan Timings: Typically from 6:00 AM to 12:00 PM and 4:00 PM to 8:30 PM (may vary).
- How to Reach: Located in Tamil Nadu. Nearest railway station and airport available based on region.
- Why Visit: Rich in cultural heritage, spiritual ambiance, and stunning architecture. Ideal for devotees and history enthusiasts."
Arulmigu Kottaiyur Murugan Temple,"Located in Kottaiyur, this temple dedicated to Lord Murugan is historically significant and well-known for its vibrant festivities. It is a key site for devotees of Lord Murugan in the region.",10.7021,79.1097,image63.jfif,"Arulmigu Kottaiyur Murugan Temple
- Speciality: Located in Kottaiyur, this temple dedicated to Lord Murugan is historically significant and well-known for its vibrant festivities.
- Darshan Timings: Typically from 6:00 AM to 12:00 PM and 4:00 PM to 8:30 PM (may vary).
- How to Reach: Located in Tamil Nadu. Nearest railway station and airport available based on region.
- Why Visit: Rich in cultural heritage, spiritual ambiance, and stunning architecture. Ideal for devotees and history enthusiasts."
Madhya Kailash Temple,"The Madhya Kailash Temple in Chennai is dedicated to Lord Shiva and Lord Vishnu. The temple is known for its serene ambiance and the harmonious coexistence of two major deities, attracting pilgrims from all over the world.",13.0084,80.2155,image64.jfif,"Madhya Kailash Temple
- Speciality: The Madhya Kailash Temple in Chennai is dedicated to Lord Shiva and Lord Vishnu.
- Darshan Timings: Typically from 6:00 AM to 12:00 PM and 4:00 PM to 8:30 PM (may vary).
- How to Reach: Located in Tamil Nadu. Nearest railway station and airport available based on region.
- Why Visit: Rich in cultural heritage, spiritual ambiance, and stunning architecture. Ideal for devotees and history enthusiasts."
The American Church,"The American Church in Chennai is a beautiful example of colonial-era architecture. Built in the 19th century, the church is known for its elegant design and plays an important role in the Christian community of the region.",13.0845,80.2783,image65.jfif,"The American Church
- Speciality: The American Church in Chennai is a beautiful example of colonial-era architecture.
- Darshan Timings: Typically from 6:00 AM to 12:00 PM and 4:00 PM to 8:30 PM (may vary).
- How to Reach: Located in Tamil Nadu. Nearest railway station and airport available based on region.
- Why Visit: Rich in cultural heritage, spiritual ambiance, and stunning architecture. Ideal for devotees and history enthusiasts."
Fishermen's Wharf,Fishermen's Wharf in Chennai is an iconic restaurant and heritage site that gives visitors a glimpse into the history of fishing communities in Tamil Nadu. The spot has traditional coastal architecture and is an excellent place for seafood lovers.,13.066,80.292,image66.jfif,"Fishermen's Wharf
- Speciality: Fishermen's Wharf in Chennai is an iconic restaurant and heritage site that gives visitors a glimpse into the history of fishing communities in Tamil Nadu.
- Darshan Timings: Typically from 6:00 AM to 12:00 PM and 4:00 PM to 8:30 PM (may vary).
- How to Reach: Located in Tamil Nadu. Nearest railway station and airport available based on region.
- Why Visit: Rich in cultural heritage, spiritual ambiance, and stunning architecture. Ideal for devotees and history enthusiasts."
Chettinad Palace,"Chettinad Palace in the Chettinad region is a stunning example of Chettinad-style architecture, known for its lavish design and use of intricate woodwork and craftsmanship. The palace provides insights into the wealthy history of the Chettiar community.",10.1266,78.602,image67.jfif,"Chettinad Palace
- Speciality: Chettinad Palace in the Chettinad region is a stunning example of Chettinad-style architecture, known for its lavish design and use of intricate woodwork and craftsmanship.
- Darshan Timings: Typically from 6:00 AM to 12:00 PM and 4:00 PM to 8:30 PM (may vary).
- How to Reach: Located in Tamil Nadu. Nearest railway station and airport available based on region.
- Why Visit: Rich in cultural heritage, spiritual ambiance, and stunning architecture. Ideal for devotees and history enthusiasts."
Basilica of Our Lady of Snow,"Located in the town of Kodaikanal, the Basilica of Our Lady of Snow is a significant Christian pilgrimage site in Tamil Nadu. It features beautiful Gothic architecture and attracts visitors seeking a peaceful retreat.",10.238,77.4906,image68.jfif,"Basilica of Our Lady of Snow
- Speciality: Located in the town of Kodaikanal, the Basilica of Our Lady of Snow is a significant Christian pilgrimage site in Tamil Nadu.
- Darshan Timings: Typically from 6:00 AM to 12:00 PM and 4:00 PM to 8:30 PM (may vary).
- How to Reach: Located in Tamil Nadu. Nearest railway station and airport available based on region.
- Why Visit: Rich in cultural heritage, spiritual ambiance, and stunning architecture. Ideal for devotees and history enthusiasts."
The Kanchipuram Silk Weaving Museum,The Kanchipuram Silk Weaving Museum is dedicated to showcasing the rich tradition of silk weaving in Kanchipuram. It highlights the unique craftsmanship that has made Kanchipuram saris famous worldwide.,12.926,79.7026,image69.jfif,"The Kanchipuram Silk Weaving Museum
- Speciality: The Kanchipuram Silk Weaving Museum is dedicated to showcasing the rich tradition of silk weaving in Kanchipuram.
- Darshan Timings: Typically from 6:00 AM to 12:00 PM and 4:00 PM to 8:30 PM (may vary).
- How to Reach: Located in Tamil Nadu. Nearest railway station and airport available based on region.
- Why Visit: Rich in cultural heritage, spiritual ambiance, and stunning architecture. Ideal for devotees and history enthusiasts."
Catherine's Church,"Catherine's Church in Chennai is a fine example of British colonial architecture. Built during the 19th century, it is one of the oldest Protestant churches in the city, offering a peaceful environment for visitors and locals alike.",13.0485,80.2745,image70.jfif,"Catherine's Church
- Speciality: Catherine's Church in Chennai is a fine example of British colonial architecture.
- Darshan Timings: Typically from 6:00 AM to 12:00 PM and 4:00 PM to 8:30 PM (may vary).
- How to Reach: Located in Tamil Nadu. Nearest railway station and airport available based on region.
- Why Visit: Rich in cultural heritage, spiritual ambiance, and stunning architecture. Ideal for devotees and history enthusiasts."
Periya Kovil,"The Periya Kovil in Kanchipuram is dedicated to Lord Vishnu. The temple is a magnificent example of Dravidian architecture and is a key pilgrimage site in Tamil Nadu, known for its grandeur and intricate carvings.",12.9343,79.705,image71.jfif,"Periya Kovil
- Speciality: The Periya Kovil in Kanchipuram is dedicated to Lord Vishnu.
- Darshan Timings: Typically from 6:00 AM to 12:00 PM and 4:00 PM to 8:30 PM (may vary).
- How to Reach: Located in Tamil Nadu. Nearest railway station and airport available based on region.
- Why Visit: Rich in cultural heritage, spiritual ambiance, and stunning architecture. Ideal for devotees and history enthusiasts."
Vellore Fort,"Vellore Fort, located in the city of Vellore, is a historic fort that dates back to the Vijayanagara Empire. Known for its well-preserved architecture and the presence of several important structures inside, the fort is a must-visit for history enthusiasts.",12.9166,79.1315,image72.jfif,"Vellore Fort
- Speciality: Vellore Fort, located in the city of Vellore, is a historic fort that dates back to the Vijayanagara Empire.
- Darshan Timings: Typically from 6:00 AM to 12:00 PM and 4:00 PM to 8:30 PM (may vary).
- How to Reach: Located in Tamil Nadu. Nearest railway station and airport available based on region.
- Why Visit: Rich in cultural heritage, spiritual ambiance, and stunning architecture. Ideal for devotees and history enthusiasts."
St. Thomas Church,St. Thomas Church in Chennai is an ancient church built in the 16th century by the Portuguese. The church is dedicated to St. Thomas the Apostle and is an important landmark in the citys Christian community.,13.0832,80.2814,image73.jfif,"St. Thomas Church
- Speciality: St.
- Darshan Timings: Typically from 6:00 AM to 12:00 PM and 4:00 PM to 8:30 PM (may vary).
- How to Reach: Located in Tamil Nadu. Nearest railway station and airport available based on region.
- Why Visit: Rich in cultural heritage, spiritual ambiance, and stunning architecture. Ideal for devotees and history enthusiasts."
Thiruvannamalai Fort,"The Thiruvannamalai Fort in Thiruvannamalai is an ancient fortress built by the Nayaks. Located near the Arunachaleswarar Temple, the fort offers panoramic views of the town and the surrounding area.",12.2266,79.0737,image74.jfif,"Thiruvannamalai Fort
- Speciality: The Thiruvannamalai Fort in Thiruvannamalai is an ancient fortress built by the Nayaks.
- Darshan Timings: Typically from 6:00 AM to 12:00 PM and 4:00 PM to 8:30 PM (may vary).
- How to Reach: Located in Tamil Nadu. Nearest railway station and airport available based on region.
- Why Visit: Rich in cultural heritage, spiritual ambiance, and stunning architecture. Ideal for devotees and history enthusiasts."
Kanchipuram Temples,"Kanchipuram is home to several ancient temples that reflect the grandeur of Dravidian architecture. The temples in Kanchipuram, including the Ekambareswarar and Kamakshi Amman temples, are historic sites that attract pilgrims from across the country.",12.9333,79.7,image75.jfif,"Kanchipuram Temples
- Speciality: Kanchipuram is home to several ancient temples that reflect the grandeur of Dravidian architecture.
- Darshan Timings: Typically from 6:00 AM to 12:00 PM and 4:00 PM to 8:30 PM (may vary).
- How to Reach: Located in Tamil Nadu. Nearest railway station and airport available based on region.
- Why Visit: Rich in cultural heritage, spiritual ambiance, and stunning architecture. Ideal for devotees and history enthusiasts."
St. Andrew's Church,"St. Andrews Church, located in the heart of Chennai, is a colonial-era church with stunning architecture. It stands as a reminder of the British influence on the region and serves as an active place of worship.",13.0885,80.2835,image76.jfif,"St. Andrew's Church
- Speciality: St.
- Darshan Timings: Typically from 6:00 AM to 12:00 PM and 4:00 PM to 8:30 PM (may vary).
- How to Reach: Located in Tamil Nadu. Nearest railway station and airport available based on region.
- Why Visit: Rich in cultural heritage, spiritual ambiance, and stunning architecture. Ideal for devotees and history enthusiasts."
Srirangam,"Srirangam is an island town near Trichy, home to the Sri Ranganathaswamy Temple, one of the largest temple complexes in India. The temple is dedicated to Lord Vishnu and is an important pilgrimage site, known for its grand architecture and spiritual significance.",10.8265,78.704,image77.jfif,"Srirangam
- Speciality: Srirangam is an island town near Trichy, home to the Sri Ranganathaswamy Temple, one of the largest temple complexes in India.
- Darshan Timings: Typically from 6:00 AM to 12:00 PM and 4:00 PM to 8:30 PM (may vary).
- How to Reach: Located in Tamil Nadu. Nearest railway station and airport available based on region.
- Why Visit: Rich in cultural heritage, spiritual ambiance, and stunning architecture. Ideal for devotees and history enthusiasts."
Chettinad Mansion,"The Chettinad Mansion, located in Karaikudi, is an architectural masterpiece that showcases the grandeur of the Chettiar community. It features a blend of traditional and colonial styles, and visitors can explore its intricate woodwork and decorative elements.",10.0858,78.67,image78.jfif,"Chettinad Mansion
- Speciality: The Chettinad Mansion, located in Karaikudi, is an architectural masterpiece that showcases the grandeur of the Chettiar community.
- Darshan Timings: Typically from 6:00 AM to 12:00 PM and 4:00 PM to 8:30 PM (may vary).
- How to Reach: Located in Tamil Nadu. Nearest railway station and airport available based on region.
- Why Visit: Rich in cultural heritage, spiritual ambiance, and stunning architecture. Ideal for devotees and history enthusiasts."
St. Peter's Church,St. Peter's Church in the town of Kodaikanal is a beautiful church with a peaceful ambiance. It is a significant Christian landmark in the region and is known for its historic value and stunning views of the surrounding hill station.,10.2392,77.4898,image79.jfif,"St. Peter's Church
- Speciality: St.
- Darshan Timings: Typically from 6:00 AM to 12:00 PM and 4:00 PM to 8:30 PM (may vary).
- How to Reach: Located in Tamil Nadu. Nearest railway station and airport available based on region.
- Why Visit: Rich in cultural heritage, spiritual ambiance, and stunning architecture. Ideal for devotees and history enthusiasts."
Ayyappa Temple,"The Ayyappa Temple in Chennai is dedicated to Lord Ayyappa, revered for its religious significance, especially during the festival of Mandala. The temple features traditional architectural elements and attracts devotees from all over Tamil Nadu.",13.063,80.2778,image80.jfif,"Ayyappa Temple
- Speciality: The Ayyappa Temple in Chennai is dedicated to Lord Ayyappa, revered for its religious significance, especially during the festival of Mandala.
- Darshan Timings: Typically from 6:00 AM to 12:00 PM and 4:00 PM to 8:30 PM (may vary).
- How to Reach: Located in Tamil Nadu. Nearest railway station and airport available based on region.
- Why Visit: Rich in cultural heritage, spiritual ambiance, and stunning architecture. Ideal for devotees and history enthusiasts."
Vellore Fort Museum,"The Vellore Fort Museum is located within the historic Vellore Fort and showcases artifacts related to the regions history. The museum includes exhibits of weapons, sculptures, and historical paintings, reflecting the rich heritage of Tamil Nadu.",12.9166,79.1315,image81.jfif,"Vellore Fort Museum
- Speciality: The Vellore Fort Museum is located within the historic Vellore Fort and showcases artifacts related to the regions history.
- Darshan Timings: Typically from 6:00 AM to 12:00 PM and 4:00 PM to 8:30 PM (may vary).
- How to Reach: Located in Tamil Nadu. Nearest railway station and airport available based on region.
- Why Visit: Rich in cultural heritage, spiritual ambiance, and stunning architecture. Ideal for devotees and history enthusiasts."
Agasthyakoodam,"Agasthyakoodam, located in the Western Ghats, is the second-highest peak in Kerala and Tamil Nadu. It is known for its rich biodiversity and is a significant site for trekkers and nature lovers. The region also has a spiritual connection to the sage Agastya.",8.4665,77.1185,image82.jfif,"Agasthyakoodam
- Speciality: Agasthyakoodam, located in the Western Ghats, is the second-highest peak in Kerala and Tamil Nadu.
- Darshan Timings: Typically from 6:00 AM to 12:00 PM and 4:00 PM to 8:30 PM (may vary).
- How to Reach: Located in Tamil Nadu. Nearest railway station and airport available based on region.
- Why Visit: Rich in cultural heritage, spiritual ambiance, and stunning architecture. Ideal for devotees and history enthusiasts."
Muthupet,"Muthupet, located in the Tiruvarur district, is known for its serene backwaters and traditional fishing villages. It offers visitors a glimpse into the coastal life of Tamil Nadu and is a unique destination for eco-tourism.",10.3465,79.5733,image83.jfif,"Muthupet
- Speciality: Muthupet, located in the Tiruvarur district, is known for its serene backwaters and traditional fishing villages.
- Darshan Timings: Typically from 6:00 AM to 12:00 PM and 4:00 PM to 8:30 PM (may vary).
- How to Reach: Located in Tamil Nadu. Nearest railway station and airport available based on region.
- Why Visit: Rich in cultural heritage, spiritual ambiance, and stunning architecture. Ideal for devotees and history enthusiasts."
Kanyakumari Lighthouse,"Kanyakumari Lighthouse offers one of the most breathtaking panoramic views of the Indian Ocean, the Bay of Bengal, and the Arabian Sea. It is situated near the famous Vivekananda Rock Memorial, which attracts pilgrims and tourists alike.",8.0881,77.5315,image84.jfif,"Kanyakumari Lighthouse
- Speciality: Kanyakumari Lighthouse offers one of the most breathtaking panoramic views of the Indian Ocean, the Bay of Bengal, and the Arabian Sea.
- Darshan Timings: Typically from 6:00 AM to 12:00 PM and 4:00 PM to 8:30 PM (may vary).
- How to Reach: Located in Tamil Nadu. Nearest railway station and airport available based on region.
- Why Visit: Rich in cultural heritage, spiritual ambiance, and stunning architecture. Ideal for devotees and history enthusiasts."
Tirunelveli Rock Fort,"The Tirunelveli Rock Fort, located in the town of Tirunelveli, features ancient rock-cut temples dedicated to Lord Shiva and is a great example of Tamil Nadu's rock-cut architecture. The fort also offers beautiful views of the surrounding landscape.",8.7162,77.7284,image85.jfif,"Tirunelveli Rock Fort
- Speciality: The Tirunelveli Rock Fort, located in the town of Tirunelveli, features ancient rock-cut temples dedicated to Lord Shiva and is a great example of Tamil Nadu's rock-cut architecture.
- Darshan Timings: Typically from 6:00 AM to 12:00 PM and 4:00 PM to 8:30 PM (may vary).
- How to Reach: Located in Tamil Nadu. Nearest railway station and airport available based on region.
- Why Visit: Rich in cultural heritage, spiritual ambiance, and stunning architecture. Ideal for devotees and history enthusiasts."
Vattakottai Fort,"Vattakottai Fort, located near Kanyakumari, was built by the Travancore Kingdom in the 18th century. The fort overlooks the sea and offers a peaceful atmosphere along with a panoramic view of the coastline.",8.1296,77.5151,image86.jfif,"Vattakottai Fort
- Speciality: Vattakottai Fort, located near Kanyakumari, was built by the Travancore Kingdom in the 18th century.
- Darshan Timings: Typically from 6:00 AM to 12:00 PM and 4:00 PM to 8:30 PM (may vary).
- How to Reach: Located in Tamil Nadu. Nearest railway station and airport available based on region.
- Why Visit: Rich in cultural heritage, spiritual ambiance, and stunning architecture. Ideal for devotees and history enthusiasts."
Pichavaram Mangrove Forest,"Pichavaram Mangrove Forest, located near Chidambaram, is one of the largest mangrove forests in India. It is home to rich wildlife, including several species of birds and marine life, making it an ideal eco-tourism destination.",11.4049,79.6921,image87.jfif,"Pichavaram Mangrove Forest
- Speciality: Pichavaram Mangrove Forest, located near Chidambaram, is one of the largest mangrove forests in India.
- Darshan Timings: Typically from 6:00 AM to 12:00 PM and 4:00 PM to 8:30 PM (may vary).
- How to Reach: Located in Tamil Nadu. Nearest railway station and airport available based on region.
- Why Visit: Rich in cultural heritage, spiritual ambiance, and stunning architecture. Ideal for devotees and history enthusiasts."
Vivekananda Rock Memorial,"Located in Kanyakumari, the Vivekananda Rock Memorial is built on the rock where Swami Vivekananda is said to have meditated. The memorial offers stunning views of the surrounding oceans and is an important site for spiritual seekers.",8.0878,77.532,image88.jfif,"Vivekananda Rock Memorial
- Speciality: Located in Kanyakumari, the Vivekananda Rock Memorial is built on the rock where Swami Vivekananda is said to have meditated.
- Darshan Timings: Typically from 6:00 AM to 12:00 PM and 4:00 PM to 8:30 PM (may vary).
- How to Reach: Located in Tamil Nadu. Nearest railway station and airport available based on region.
- Why Visit: Rich in cultural heritage, spiritual ambiance, and stunning architecture. Ideal for devotees and history enthusiasts."
Kodaikanal Lake,"Kodaikanal Lake is an artificial lake located in the hill station of Kodaikanal. Known for its boating facilities and surrounded by lush greenery, the lake is a popular tourist attraction and provides a tranquil escape from the city.",10.2393,77.4875,image89.jfif,"Kodaikanal Lake
- Speciality: Kodaikanal Lake is an artificial lake located in the hill station of Kodaikanal.
- Darshan Timings: Typically from 6:00 AM to 12:00 PM and 4:00 PM to 8:30 PM (may vary).
- How to Reach: Located in Tamil Nadu. Nearest railway station and airport available based on region.
- Why Visit: Rich in cultural heritage, spiritual ambiance, and stunning architecture. Ideal for devotees and history enthusiasts."
Sithannavasal Caves,"The Sithannavasal Caves, located in Pudukkottai, are known for their prehistoric rock art and ancient Jain temples. The caves contain fascinating paintings and inscriptions that offer insights into the early history of Tamil Nadu.",10.4878,78.6237,image90.jfif,"Sithannavasal Caves
- Speciality: The Sithannavasal Caves, located in Pudukkottai, are known for their prehistoric rock art and ancient Jain temples.
- Darshan Timings: Typically from 6:00 AM to 12:00 PM and 4:00 PM to 8:30 PM (may vary).
- How to Reach: Located in Tamil Nadu. Nearest railway station and airport available based on region.
- Why Visit: Rich in cultural heritage, spiritual ambiance, and stunning architecture. Ideal for devotees and history enthusiasts."
Thirunakkara Mahadeva Temple,"Located in Kottayam, this temple is dedicated to Lord Shiva and features a blend of traditional Kerala and Tamil architectural styles. The temple is famous for its murals and ancient rituals.",9.5913,76.5897,image91.jfif,"Thirunakkara Mahadeva Temple
- Speciality: Located in Kottayam, this temple is dedicated to Lord Shiva and features a blend of traditional Kerala and Tamil architectural styles.
- Darshan Timings: Typically from 6:00 AM to 12:00 PM and 4:00 PM to 8:30 PM (may vary).
- How to Reach: Located in Tamil Nadu. Nearest railway station and airport available based on region.
- Why Visit: Rich in cultural heritage, spiritual ambiance, and stunning architecture. Ideal for devotees and history enthusiasts."
Dhanushkodi,"Dhanushkodi, located on the southern tip of Pamban Island, is an abandoned town and a unique historical site. It was destroyed during the 1964 cyclone and now attracts visitors for its eerie atmosphere and its association with the Ramayana.",9.2837,79.3111,image92.jfif,"Dhanushkodi
- Speciality: Dhanushkodi, located on the southern tip of Pamban Island, is an abandoned town and a unique historical site.
- Darshan Timings: Typically from 6:00 AM to 12:00 PM and 4:00 PM to 8:30 PM (may vary).
- How to Reach: Located in Tamil Nadu. Nearest railway station and airport available based on region.
- Why Visit: Rich in cultural heritage, spiritual ambiance, and stunning architecture. Ideal for devotees and history enthusiasts."
Pondicherry French Quarter,"The French Quarter in Pondicherry showcases colonial architecture, with vibrant buildings, cobblestone streets, and charming cafes. It offers visitors a walk through the history of French colonial influence in Tamil Nadu.",11.9295,79.8302,image93.jfif,"Pondicherry French Quarter
- Speciality: The French Quarter in Pondicherry showcases colonial architecture, with vibrant buildings, cobblestone streets, and charming cafes.
- Darshan Timings: Typically from 6:00 AM to 12:00 PM and 4:00 PM to 8:30 PM (may vary).
- How to Reach: Located in Tamil Nadu. Nearest railway station and airport available based on region.
- Why Visit: Rich in cultural heritage, spiritual ambiance, and stunning architecture. Ideal for devotees and history enthusiasts."
Arjuna's Penance,"Arjuna's Penance in Mamallapuram is a large, ancient rock relief that depicts scenes from the Mahabharata. It is one of the most famous landmarks of the region, attracting both history lovers and devotees.",12.6245,80.1987,image94.jfif,"Arjuna's Penance
- Speciality: Arjuna's Penance in Mamallapuram is a large, ancient rock relief that depicts scenes from the Mahabharata.
- Darshan Timings: Typically from 6:00 AM to 12:00 PM and 4:00 PM to 8:30 PM (may vary).
- How to Reach: Located in Tamil Nadu. Nearest railway station and airport available based on region.
- Why Visit: Rich in cultural heritage, spiritual ambiance, and stunning architecture. Ideal for devotees and history enthusiasts."
Vellore Golden Temple,"The Golden Temple in Vellore is part of the Sripuram Spiritual Park. This temple, known for its golden-covered architecture, is dedicated to Goddess Lakshmi and attracts thousands of visitors annually for its stunning design and peaceful ambiance.",12.9312,79.1246,image95.jfif,"Vellore Golden Temple
- Speciality: The Golden Temple in Vellore is part of the Sripuram Spiritual Park.
- Darshan Timings: Typically from 6:00 AM to 12:00 PM and 4:00 PM to 8:30 PM (may vary).
- How to Reach: Located in Tamil Nadu. Nearest railway station and airport available based on region.
- Why Visit: Rich in cultural heritage, spiritual ambiance, and stunning architecture. Ideal for devotees and history enthusiasts."
Kundrathur Murugan Temple,The Kundrathur Murugan Temple is located in a small town near Chennai and is dedicated to Lord Murugan. It holds religious significance for devotees and is known for its peaceful surroundings and panoramic views.,13.0299,80.1795,image96.jfif,"Kundrathur Murugan Temple
- Speciality: The Kundrathur Murugan Temple is located in a small town near Chennai and is dedicated to Lord Murugan.
- Darshan Timings: Typically from 6:00 AM to 12:00 PM and 4:00 PM to 8:30 PM (may vary).
- How to Reach: Located in Tamil Nadu. Nearest railway station and airport available based on region.
- Why Visit: Rich in cultural heritage, spiritual ambiance, and stunning architecture. Ideal for devotees and history enthusiasts."
Tanjore Palace,"The Tanjore Palace, located in the city of Thanjavur, is an example of traditional Tamil architecture and is home to the Brihadeeswarar Temple. The palace houses historical artifacts and is known for its grand structure and cultural importance.",10.7864,79.1316,image97.jfif,"Tanjore Palace
- Speciality: The Tanjore Palace, located in the city of Thanjavur, is an example of traditional Tamil architecture and is home to the Brihadeeswarar Temple.
- Darshan Timings: Typically from 6:00 AM to 12:00 PM and 4:00 PM to 8:30 PM (may vary).
- How to Reach: Located in Tamil Nadu. Nearest railway station and airport available based on region.
- Why Visit: Rich in cultural heritage, spiritual ambiance, and stunning architecture. Ideal for devotees and history enthusiasts."
St. Joseph's Church,"St. Joseph's Church, located in Kottayam, is a beautiful Catholic church known for its architectural brilliance. The church holds religious significance and is a serene place of worship and contemplation.",9.5938,76.5875,image98.jfif,"St. Joseph's Church
- Speciality: St.
- Darshan Timings: Typically from 6:00 AM to 12:00 PM and 4:00 PM to 8:30 PM (may vary).
- How to Reach: Located in Tamil Nadu. Nearest railway station and airport available based on region.
- Why Visit: Rich in cultural heritage, spiritual ambiance, and stunning architecture. Ideal for devotees and history enthusiasts."
Thiruparankundram,Thiruparankundram is an ancient rock-cut temple located near Madurai. It is dedicated to Lord Murugan and is one of the Six Abodes of Murugan. The temple is a blend of Dravidian and Hindu architectural styles.,9.8986,78.1679,image99.jfif,"Thiruparankundram
- Speciality: Thiruparankundram is an ancient rock-cut temple located near Madurai.
- Darshan Timings: Typically from 6:00 AM to 12:00 PM and 4:00 PM to 8:30 PM (may vary).
- How to Reach: Located in Tamil Nadu. Nearest railway station and airport available based on region.
- Why Visit: Rich in cultural heritage, spiritual ambiance, and stunning architecture. Ideal for devotees and history enthusiasts."
Azhagar Malai,"Azhagar Malai, near Madurai, is a hill that houses the Azhagar Koyil temple. The hill is famous for its spiritual significance and beautiful natural surroundings, attracting pilgrims and nature enthusiasts alike.",9.9572,78.365,image100.jfif,"Azhagar Malai
- Speciality: Azhagar Malai, near Madurai, is a hill that houses the Azhagar Koyil temple.
- Darshan Timings: Typically from 6:00 AM to 12:00 PM and 4:00 PM to 8:30 PM (may vary).
- How to Reach: Located in Tamil Nadu. Nearest railway station and airport available based on region.
- Why Visit: Rich in cultural heritage, spiritual ambiance, and stunning architecture. Ideal for devotees and history enthusiasts."
